N,kappa,r_fixed,D_mean,D_std,D_sem,trials,omega,T,dt,late_fraction
20,0.0,2.0,0.30951205120398234,0.08465541982072723,0.011972084283886058,50,0.5,1000.0,0.01,0.3
20,0.06060606060606061,2.0,0.3096169513377092,0.08516828451355593,0.012044614304312123,50,0.5,1000.0,0.01,0.3
20,0.12121212121212122,2.0,0.3096225916066645,0.0856735297868255,0.012116066776090397,50,0.5,1000.0,0.01,0.3
20,0.18181818181818182,2.0,0.3097814556827713,0.08595479982991316,0.01215584436705278,50,0.5,1000.0,0.01,0.3
20,0.24242424242424243,2.0,0.3102613116573521,0.08650326232249825,0.012233408676599458,50,0.5,1000.0,0.01,0.3
20,0.30303030303030304,2.0,0.3112631178999116,0.08746190608320875,0.012368981377387572,50,0.5,1000.0,0.01,0.3
20,0.36363636363636365,2.0,0.31227364718903394,0.08842547861427104,0.012505251111563417,50,0.5,1000.0,0.01,0.3
20,0.42424242424242425,2.0,0.3137736199199805,0.08980192491778705,0.012699910014594482,50,0.5,1000.0,0.01,0.3
20,0.48484848484848486,2.0,0.3155604073103271,0.09111305584981404,0.012885331929206427,50,0.5,1000.0,0.01,0.3
20,0.5454545454545454,2.0,0.3182565613684998,0.09279102422753331,0.013122632492906804,50,0.5,1000.0,0.01,0.3
20,0.6060606060606061,2.0,0.320994774913122,0.09528409009667278,0.013475205249309456,50,0.5,1000.0,0.01,0.3
20,0.6666666666666667,2.0,0.323587737627143,0.09719715026019037,0.01374575281219768,50,0.5,1000.0,0.01,0.3
20,0.7272727272727273,2.0,0.3258353856106513,0.09831508923265189,0.013903853257873735,50,0.5,1000.0,0.01,0.3
20,0.7878787878787878,2.0,0.3297192478020041,0.1006152158527925,0.014229140284011559,50,0.5,1000.0,0.01,0.3
20,0.8484848484848485,2.0,0.3346052899785793,0.10319513004988322,0.014593995248740017,50,0.5,1000.0,0.01,0.3
20,0.9090909090909092,2.0,0.33999886743887486,0.10680661898657053,0.015104736912202375,50,0.5,1000.0,0.01,0.3
20,0.9696969696969697,2.0,0.34702393080573307,0.11063308318569033,0.015645880668835408,50,0.5,1000.0,0.01,0.3
20,1.0303030303030303,2.0,0.3511479505182967,0.11172787496975173,0.015800707607734835,50,0.5,1000.0,0.01,0.3
20,1.0909090909090908,2.0,0.35758281318111945,0.11376013021092246,0.01608811190016158,50,0.5,1000.0,0.01,0.3
20,1.1515151515151516,2.0,0.3650663803424355,0.1143528831821155,0.016171939829261395,50,0.5,1000.0,0.01,0.3
20,1.2121212121212122,2.0,0.3733128279856493,0.11698941823459433,0.016544802192150158,50,0.5,1000.0,0.01,0.3
20,1.2727272727272727,2.0,0.3823110820615363,0.11948163013504091,0.016897254179142077,50,0.5,1000.0,0.01,0.3
20,1.3333333333333335,2.0,0.3892314632828879,0.11838415689081222,0.01674204802450909,50,0.5,1000.0,0.01,0.3
20,1.393939393939394,2.0,0.39987342193630726,0.12113618095855444,0.017131243000566915,50,0.5,1000.0,0.01,0.3
20,1.4545454545454546,2.0,0.40642468383312624,0.12263726956952148,0.017343528987762254,50,0.5,1000.0,0.01,0.3
20,1.5151515151515151,2.0,0.41295966231774967,0.12544275310682515,0.01774028427450918,50,0.5,1000.0,0.01,0.3
20,1.5757575757575757,2.0,0.42192664569846366,0.13137490638357094,0.01857921743631417,50,0.5,1000.0,0.01,0.3
20,1.6363636363636365,2.0,0.4273581405266983,0.13361102036536948,0.018895451708321333,50,0.5,1000.0,0.01,0.3
20,1.696969696969697,2.0,0.43570629367148755,0.13802708344677836,0.01951997733852369,50,0.5,1000.0,0.01,0.3
20,1.7575757575757576,2.0,0.44537553574797656,0.14230369088861566,0.02012478096304289,50,0.5,1000.0,0.01,0.3
20,1.8181818181818183,2.0,0.4490114203820594,0.1458902515735731,0.020631997239336983,50,0.5,1000.0,0.01,0.3
20,1.878787878787879,2.0,0.45332908057075394,0.14783706221656792,0.02090731784080654,50,0.5,1000.0,0.01,0.3
20,1.9393939393939394,2.0,0.4616488091018596,0.14998475540057113,0.0212110475236699,50,0.5,1000.0,0.01,0.3
20,2.0,2.0,0.4695123877090834,0.15347849799829805,0.0217051373401845,50,0.5,1000.0,0.01,0.3
20,2.0606060606060606,2.0,0.4784942313692403,0.15504052388844763,0.021926041160047247,50,0.5,1000.0,0.01,0.3
20,2.121212121212121,2.0,0.4833533984078805,0.15825262713825167,0.022380301158008802,50,0.5,1000.0,0.01,0.3
20,2.1818181818181817,2.0,0.4861182491353481,0.15943560914041024,0.022547600077158395,50,0.5,1000.0,0.01,0.3
20,2.2424242424242427,2.0,0.4908122489844991,0.1588615510096999,0.022466415997754285,50,0.5,1000.0,0.01,0.3
20,2.303030303030303,2.0,0.4999134261437495,0.16761398558362592,0.02370419716557722,50,0.5,1000.0,0.01,0.3
20,2.3636363636363638,2.0,0.5045566276294822,0.17381539202092822,0.024581208474519292,50,0.5,1000.0,0.01,0.3
20,2.4242424242424243,2.0,0.5136665549986361,0.18022905761333274,0.025488237761049706,50,0.5,1000.0,0.01,0.3
20,2.484848484848485,2.0,0.519065895218214,0.18676481524002328,0.026412533468654624,50,0.5,1000.0,0.01,0.3
20,2.5454545454545454,2.0,0.523105335342541,0.1942973398518484,0.027477793315149848,50,0.5,1000.0,0.01,0.3
20,2.606060606060606,2.0,0.525591374871387,0.2021869253144518,0.028593549191421375,50,0.5,1000.0,0.01,0.3
20,2.666666666666667,2.0,0.5355053102899608,0.20263503420153023,0.028656921357974,50,0.5,1000.0,0.01,0.3
20,2.7272727272727275,2.0,0.5418030742256396,0.20449855949886012,0.02892046363290493,50,0.5,1000.0,0.01,0.3
20,2.787878787878788,2.0,0.5513267319738554,0.20458248182384772,0.028932332041923265,50,0.5,1000.0,0.01,0.3
20,2.8484848484848486,2.0,0.5586176749281967,0.20402166518499426,0.028853020592256157,50,0.5,1000.0,0.01,0.3
20,2.909090909090909,2.0,0.5663285477691439,0.20225893953583376,0.02860373354027759,50,0.5,1000.0,0.01,0.3
20,2.9696969696969697,2.0,0.5734636807105002,0.2025343111322873,0.02864267696491728,50,0.5,1000.0,0.01,0.3
20,3.0303030303030303,2.0,0.5801206754806033,0.20476239492074738,0.028957775596091667,50,0.5,1000.0,0.01,0.3
20,3.090909090909091,2.0,0.5923114820830783,0.20252028410254133,0.028640693243346626,50,0.5,1000.0,0.01,0.3
20,3.1515151515151514,2.0,0.6010380962318221,0.2028400480757184,0.028685914698109157,50,0.5,1000.0,0.01,0.3
20,3.2121212121212124,2.0,0.6069595521409218,0.20370413623495892,0.028808115217497553,50,0.5,1000.0,0.01,0.3
20,3.272727272727273,2.0,0.6150117429614086,0.20669736548328688,0.029231421757325272,50,0.5,1000.0,0.01,0.3
20,3.3333333333333335,2.0,0.623233988311668,0.2073552426505392,0.029324459638555657,50,0.5,1000.0,0.01,0.3
20,3.393939393939394,2.0,0.6295373164510216,0.2087538330643707,0.029522250191700208,50,0.5,1000.0,0.01,0.3
20,3.4545454545454546,2.0,0.6354462647547701,0.21116648791319684,0.02986345111255372,50,0.5,1000.0,0.01,0.3
20,3.515151515151515,2.0,0.6411423828365145,0.21191385205911367,0.029969144363672418,50,0.5,1000.0,0.01,0.3
20,3.5757575757575757,2.0,0.6493489366177815,0.21293838660210052,0.03011403542825359,50,0.5,1000.0,0.01,0.3
20,3.6363636363636367,2.0,0.654703044927954,0.21493443666951162,0.03039631953590444,50,0.5,1000.0,0.01,0.3
20,3.6969696969696972,2.0,0.6599098040059507,0.21751646963158014,0.03076147413924961,50,0.5,1000.0,0.01,0.3
20,3.757575757575758,2.0,0.6665682758724296,0.21884673732211657,0.030949602400203943,50,0.5,1000.0,0.01,0.3
20,3.8181818181818183,2.0,0.6706805979673212,0.22181886560564376,0.03136992481297163,50,0.5,1000.0,0.01,0.3
20,3.878787878787879,2.0,0.6732782212294584,0.22477163613305148,0.03178750962561518,50,0.5,1000.0,0.01,0.3
20,3.9393939393939394,2.0,0.6790198276845402,0.22499410732424532,0.031818971803197545,50,0.5,1000.0,0.01,0.3
20,4.0,2.0,0.6833484344741393,0.22606358946661084,0.03197021941824246,50,0.5,1000.0,0.01,0.3
20,4.0606060606060606,2.0,0.6885128843271024,0.22784700920963688,0.032222433057041595,50,0.5,1000.0,0.01,0.3
20,4.121212121212121,2.0,0.6918171067622673,0.2289133341883316,0.03237323418171832,50,0.5,1000.0,0.01,0.3
20,4.181818181818182,2.0,0.6952829598708063,0.2301984203337589,0.03255497280728643,50,0.5,1000.0,0.01,0.3
20,4.242424242424242,2.0,0.6989629094315696,0.2318369456297651,0.03278669527687676,50,0.5,1000.0,0.01,0.3
20,4.303030303030303,2.0,0.7033671258538654,0.23172311537107299,0.032770597247311684,50,0.5,1000.0,0.01,0.3
20,4.363636363636363,2.0,0.7065596744539429,0.2338578235945338,0.03307249057944445,50,0.5,1000.0,0.01,0.3
20,4.424242424242425,2.0,0.7111789662335053,0.23180691897954514,0.03278244886727939,50,0.5,1000.0,0.01,0.3
20,4.484848484848485,2.0,0.7149700095737834,0.23383460697622635,0.03306920725379616,50,0.5,1000.0,0.01,0.3
20,4.545454545454546,2.0,0.718281541927504,0.23160047280348603,0.032753252969071105,50,0.5,1000.0,0.01,0.3
20,4.606060606060606,2.0,0.7204647698850501,0.23509659065410093,0.033247678697070536,50,0.5,1000.0,0.01,0.3
20,4.666666666666667,2.0,0.7234417088923327,0.2369250713888861,0.03350626492243765,50,0.5,1000.0,0.01,0.3
20,4.7272727272727275,2.0,0.7274448671059937,0.23555464861829303,0.033312457875601886,50,0.5,1000.0,0.01,0.3
20,4.787878787878788,2.0,0.7311711019061726,0.23465467148692493,0.033185181889101245,50,0.5,1000.0,0.01,0.3
20,4.848484848484849,2.0,0.7337998090411777,0.2349134783116785,0.03322178270126137,50,0.5,1000.0,0.01,0.3
20,4.909090909090909,2.0,0.735612568551971,0.23640263648576365,0.03343238146989236,50,0.5,1000.0,0.01,0.3
20,4.96969696969697,2.0,0.7396829089776267,0.23493008505000323,0.033224131248717925,50,0.5,1000.0,0.01,0.3
20,5.03030303030303,2.0,0.7427327269663533,0.23520610173603038,0.03326316590280001,50,0.5,1000.0,0.01,0.3
20,5.090909090909091,2.0,0.74596716029514,0.23390059587843126,0.033078539493842596,50,0.5,1000.0,0.01,0.3
20,5.151515151515151,2.0,0.748649796626298,0.23379602777136338,0.03306375133032188,50,0.5,1000.0,0.01,0.3
20,5.212121212121212,2.0,0.751883875969585,0.23197392361827257,0.03280606688978615,50,0.5,1000.0,0.01,0.3
20,5.2727272727272725,2.0,0.7553615695990392,0.2295825711904065,0.032467878586195945,50,0.5,1000.0,0.01,0.3
20,5.333333333333334,2.0,0.7582954891543318,0.22599957365174816,0.03196116621488394,50,0.5,1000.0,0.01,0.3
20,5.3939393939393945,2.0,0.7612020195084689,0.225242748925591,0.03185413503567687,50,0.5,1000.0,0.01,0.3
20,5.454545454545455,2.0,0.7654324285390386,0.22045853028637324,0.031177544347182878,50,0.5,1000.0,0.01,0.3
20,5.515151515151516,2.0,0.7667308953527447,0.2203599863874463,0.031163608135347715,50,0.5,1000.0,0.01,0.3
20,5.575757575757576,2.0,0.7699505209308952,0.2168584927307823,0.03066842215356596,50,0.5,1000.0,0.01,0.3
20,5.636363636363637,2.0,0.7728028156554142,0.21666633518271114,0.030641246972506496,50,0.5,1000.0,0.01,0.3
20,5.696969696969697,2.0,0.7754944004566003,0.21480969744696635,0.0303786787458761,50,0.5,1000.0,0.01,0.3
20,5.757575757575758,2.0,0.7769906055726972,0.21512824465546168,0.03042372812412712,50,0.5,1000.0,0.01,0.3
20,5.818181818181818,2.0,0.7793335696991768,0.21360004695760593,0.030207608333097626,50,0.5,1000.0,0.01,0.3
20,5.878787878787879,2.0,0.7818830692508442,0.21214282628572564,0.030001526209343272,50,0.5,1000.0,0.01,0.3
20,5.9393939393939394,2.0,0.7842840094605773,0.21119384029240737,0.02986731932311799,50,0.5,1000.0,0.01,0.3
20,6.0,2.0,0.7862889775387915,0.20993121144910656,0.029688756639674047,50,0.5,1000.0,0.01,0.3
40,0.0,2.0,0.30070593832661624,0.0724082857878234,0.010240077978932689,50,0.5,1000.0,0.01,0.3
40,0.06060606060606061,2.0,0.3008012326936219,0.07227984037965061,0.010221913055106438,50,0.5,1000.0,0.01,0.3
40,0.12121212121212122,2.0,0.3005885316845265,0.07241362422794258,0.010240832948374533,50,0.5,1000.0,0.01,0.3
40,0.18181818181818182,2.0,0.30069236839617375,0.07264911779624945,0.010274136768189656,50,0.5,1000.0,0.01,0.3
40,0.24242424242424243,2.0,0.30114969620220866,0.07290481918661511,0.010310298405606932,50,0.5,1000.0,0.01,0.3
40,0.30303030303030304,2.0,0.30170218405444593,0.07315839079513947,0.010346158846387723,50,0.5,1000.0,0.01,0.3
40,0.36363636363636365,2.0,0.3022373298065793,0.07351782864898261,0.010396991035161248,50,0.5,1000.0,0.01,0.3
40,0.42424242424242425,2.0,0.30306190012039275,0.07414998891564133,0.010486391997431463,50,0.5,1000.0,0.01,0.3
40,0.48484848484848486,2.0,0.30424102216527255,0.07501986064473483,0.01060941043711236,50,0.5,1000.0,0.01,0.3
40,0.5454545454545454,2.0,0.30569410901493754,0.07614492649755397,0.010768518775874328,50,0.5,1000.0,0.01,0.3
40,0.6060606060606061,2.0,0.30729484823681524,0.07685514812634651,0.010868959281847241,50,0.5,1000.0,0.01,0.3
40,0.6666666666666667,2.0,0.309440463033827,0.07820998397865427,0.011060562005559533,50,0.5,1000.0,0.01,0.3
40,0.7272727272727273,2.0,0.31148311973461223,0.07973928292545206,0.011276837536707966,50,0.5,1000.0,0.01,0.3
40,0.7878787878787878,2.0,0.3141374073231232,0.08140344557451136,0.011512185675537407,50,0.5,1000.0,0.01,0.3
40,0.8484848484848485,2.0,0.3163176841351979,0.08308894308696262,0.011750551019682875,50,0.5,1000.0,0.01,0.3
40,0.9090909090909092,2.0,0.3193776605416834,0.08422055705515555,0.011910585401801803,50,0.5,1000.0,0.01,0.3
40,0.9696969696969697,2.0,0.3232244002652838,0.08565247032534112,0.012113088518485648,50,0.5,1000.0,0.01,0.3
40,1.0303030303030303,2.0,0.3297724357095897,0.08814936047794156,0.012466202110241983,50,0.5,1000.0,0.01,0.3
40,1.0909090909090908,2.0,0.33516716042430145,0.09158094474334119,0.012951501411097412,50,0.5,1000.0,0.01,0.3
40,1.1515151515151516,2.0,0.3420110218554103,0.09356322894903377,0.013231838731914252,50,0.5,1000.0,0.01,0.3
40,1.2121212121212122,2.0,0.3496964072203397,0.0955854704749564,0.013517826871149639,50,0.5,1000.0,0.01,0.3
40,1.2727272727272727,2.0,0.3570824034678212,0.09837877318909363,0.013912859529364283,50,0.5,1000.0,0.01,0.3
40,1.3333333333333335,2.0,0.3624144834047688,0.09923134233640628,0.014033431014463324,50,0.5,1000.0,0.01,0.3
40,1.393939393939394,2.0,0.3692389729810978,0.09933450711641456,0.014048020717568018,50,0.5,1000.0,0.01,0.3
40,1.4545454545454546,2.0,0.37540945069127246,0.10214713872453163,0.01444578689418386,50,0.5,1000.0,0.01,0.3
40,1.5151515151515151,2.0,0.38350503599064845,0.10252985440183111,0.014499911064320834,50,0.5,1000.0,0.01,0.3
40,1.5757575757575757,2.0,0.39270953152894633,0.10374924127784023,0.014672358410104018,50,0.5,1000.0,0.01,0.3
40,1.6363636363636365,2.0,0.40303771332701616,0.10391702127431485,0.01469608608475495,50,0.5,1000.0,0.01,0.3
40,1.696969696969697,2.0,0.41271779282892956,0.10536886370058815,0.014901407609721386,50,0.5,1000.0,0.01,0.3
40,1.7575757575757576,2.0,0.4201856395247261,0.10623701834584674,0.015024183217077576,50,0.5,1000.0,0.01,0.3
40,1.8181818181818183,2.0,0.426584933561366,0.10823103815425081,0.01530618020274614,50,0.5,1000.0,0.01,0.3
40,1.878787878787879,2.0,0.43368157738600827,0.11136074537052562,0.015748787641897417,50,0.5,1000.0,0.01,0.3
40,1.9393939393939394,2.0,0.44494954857578406,0.10796247898648739,0.015268200201011075,50,0.5,1000.0,0.01,0.3
40,2.0,2.0,0.4540436551204398,0.11038282102348747,0.015610488254441798,50,0.5,1000.0,0.01,0.3
40,2.0606060606060606,2.0,0.4636148295487264,0.10850639369609216,0.015345121356920803,50,0.5,1000.0,0.01,0.3
40,2.121212121212121,2.0,0.47159487041598325,0.10630889924717578,0.015034348711631089,50,0.5,1000.0,0.01,0.3
40,2.1818181818181817,2.0,0.4814435746972794,0.10431438893077605,0.014752282357656535,50,0.5,1000.0,0.01,0.3
40,2.2424242424242427,2.0,0.49015429409207995,0.10543023572676076,0.014910086924897748,50,0.5,1000.0,0.01,0.3
40,2.303030303030303,2.0,0.5000752910447713,0.10411441810686581,0.014724002212531256,50,0.5,1000.0,0.01,0.3
40,2.3636363636363638,2.0,0.5088949192888278,0.10116533580219382,0.014306938993349094,50,0.5,1000.0,0.01,0.3
40,2.4242424242424243,2.0,0.5180732727356072,0.09863186077703286,0.013948651519297478,50,0.5,1000.0,0.01,0.3
40,2.484848484848485,2.0,0.5292876843562939,0.09872133225093427,0.013961304696481167,50,0.5,1000.0,0.01,0.3
40,2.5454545454545454,2.0,0.5379720448786312,0.09548956277900203,0.013504263474714175,50,0.5,1000.0,0.01,0.3
40,2.606060606060606,2.0,0.5458729868732461,0.09531471313859975,0.01347953600143088,50,0.5,1000.0,0.01,0.3
40,2.666666666666667,2.0,0.5532043869694059,0.0971039111175717,0.013732566806194146,50,0.5,1000.0,0.01,0.3
40,2.7272727272727275,2.0,0.5628146531298467,0.09656910913815935,0.013656934384947254,50,0.5,1000.0,0.01,0.3
40,2.787878787878788,2.0,0.5698211909815908,0.09620907989488217,0.013606018561077902,50,0.5,1000.0,0.01,0.3
40,2.8484848484848486,2.0,0.5779724652715058,0.09616236848429559,0.01359941257004099,50,0.5,1000.0,0.01,0.3
40,2.909090909090909,2.0,0.5849765493617023,0.09472177934850065,0.013395682500676137,50,0.5,1000.0,0.01,0.3
40,2.9696969696969697,2.0,0.5917435096167889,0.09433414414899098,0.013340862605036159,50,0.5,1000.0,0.01,0.3
40,3.0303030303030303,2.0,0.5977637004183028,0.09475854616170787,0.013400882113264425,50,0.5,1000.0,0.01,0.3
40,3.090909090909091,2.0,0.6057484098453869,0.09555962268476854,0.013514171441605534,50,0.5,1000.0,0.01,0.3
40,3.1515151515151514,2.0,0.6118121614980282,0.0936382825374807,0.013242452912182895,50,0.5,1000.0,0.01,0.3
40,3.2121212121212124,2.0,0.6189947708145073,0.09453821802153806,0.013369723008864366,50,0.5,1000.0,0.01,0.3
40,3.272727272727273,2.0,0.626896565851682,0.0926313230132061,0.013100047330583906,50,0.5,1000.0,0.01,0.3
40,3.3333333333333335,2.0,0.6336415030386313,0.0934895494685773,0.013221418879861238,50,0.5,1000.0,0.01,0.3
40,3.393939393939394,2.0,0.6402825897380078,0.09141874229575932,0.012928562520975372,50,0.5,1000.0,0.01,0.3
40,3.4545454545454546,2.0,0.6453765062885738,0.0911003239523824,0.012883531367004172,50,0.5,1000.0,0.01,0.3
40,3.515151515151515,2.0,0.6529032590997409,0.08996265155506157,0.012722640193621309,50,0.5,1000.0,0.01,0.3
40,3.5757575757575757,2.0,0.6588183327845697,0.08967203907511698,0.012681541382568055,50,0.5,1000.0,0.01,0.3
40,3.6363636363636367,2.0,0.6665029277078192,0.08785123124135197,0.012424040269269491,50,0.5,1000.0,0.01,0.3
40,3.6969696969696972,2.0,0.6734294472916392,0.08738003307071028,0.012357402784920804,50,0.5,1000.0,0.01,0.3
40,3.757575757575758,2.0,0.6786833042735532,0.08765011871776647,0.012395598663427721,50,0.5,1000.0,0.01,0.3
40,3.8181818181818183,2.0,0.6858406810372343,0.08695985124970046,0.012297980101927333,50,0.5,1000.0,0.01,0.3
40,3.878787878787879,2.0,0.6923528118259737,0.0875462417555613,0.012380908242550856,50,0.5,1000.0,0.01,0.3
40,3.9393939393939394,2.0,0.6970272976497373,0.08635828938443915,0.012212906407081432,50,0.5,1000.0,0.01,0.3
40,4.0,2.0,0.7022312482855164,0.08555355787792543,0.012099100186023368,50,0.5,1000.0,0.01,0.3
40,4.0606060606060606,2.0,0.7078883546449952,0.08645338078510112,0.012226354361929554,50,0.5,1000.0,0.01,0.3
40,4.121212121212121,2.0,0.7131504225446811,0.08649106232266426,0.01223168333607684,50,0.5,1000.0,0.01,0.3
40,4.181818181818182,2.0,0.7182735264649748,0.0869404203715321,0.01229523216078388,50,0.5,1000.0,0.01,0.3
40,4.242424242424242,2.0,0.7221664690830149,0.08714692400439414,0.012324436184611163,50,0.5,1000.0,0.01,0.3
40,4.303030303030303,2.0,0.7274204815630044,0.0880157058018909,0.012447300484687441,50,0.5,1000.0,0.01,0.3
40,4.363636363636363,2.0,0.7335552332066662,0.08624512691734078,0.01219690281750922,50,0.5,1000.0,0.01,0.3
40,4.424242424242425,2.0,0.7371309144470406,0.08588341089416597,0.012145748446939074,50,0.5,1000.0,0.01,0.3
40,4.484848484848485,2.0,0.7411399058119845,0.08741301184083784,0.012362066687319283,50,0.5,1000.0,0.01,0.3
40,4.545454545454546,2.0,0.7449880404748981,0.08611405056730045,0.012178365822315882,50,0.5,1000.0,0.01,0.3
40,4.606060606060606,2.0,0.7491420613913706,0.0856999503494499,0.012119803207889291,50,0.5,1000.0,0.01,0.3
40,4.666666666666667,2.0,0.7550399319082356,0.08492231063808357,0.012009828345243875,50,0.5,1000.0,0.01,0.3
40,4.7272727272727275,2.0,0.7591375748025385,0.08499912297354754,0.012020691249900945,50,0.5,1000.0,0.01,0.3
40,4.787878787878788,2.0,0.7628273266472111,0.08489433825828231,0.012005872453355196,50,0.5,1000.0,0.01,0.3
40,4.848484848484849,2.0,0.7669329390236233,0.08389115570278703,0.011864001015803443,50,0.5,1000.0,0.01,0.3
40,4.909090909090909,2.0,0.7700103260315438,0.08425637358134651,0.011915650623511437,50,0.5,1000.0,0.01,0.3
40,4.96969696969697,2.0,0.773300393974281,0.0839437449996827,0.011871438265493995,50,0.5,1000.0,0.01,0.3
40,5.03030303030303,2.0,0.7776456167988337,0.08327305221967468,0.01177658798292669,50,0.5,1000.0,0.01,0.3
40,5.090909090909091,2.0,0.7814912155056949,0.0805478495624839,0.011391186127125249,50,0.5,1000.0,0.01,0.3
40,5.151515151515151,2.0,0.7843257596506622,0.08162209110928524,0.01154310682360036,50,0.5,1000.0,0.01,0.3
40,5.212121212121212,2.0,0.7872320603129803,0.08203861922870277,0.011602012795159364,50,0.5,1000.0,0.01,0.3
40,5.2727272727272725,2.0,0.7904121628080054,0.08232557593278521,0.01164259460143209,50,0.5,1000.0,0.01,0.3
40,5.333333333333334,2.0,0.7925151416298588,0.08239093431896764,0.011651837673047493,50,0.5,1000.0,0.01,0.3
40,5.3939393939393945,2.0,0.796309017908086,0.08044862689220066,0.011377153922524306,50,0.5,1000.0,0.01,0.3
40,5.454545454545455,2.0,0.8001840566669052,0.07886993039966571,0.01115389252346293,50,0.5,1000.0,0.01,0.3
40,5.515151515151516,2.0,0.8021829858287177,0.07858925033651241,0.011114198368263018,50,0.5,1000.0,0.01,0.3
40,5.575757575757576,2.0,0.8049458581030551,0.07897546570673032,0.011168817469718928,50,0.5,1000.0,0.01,0.3
40,5.636363636363637,2.0,0.8068550990659602,0.07995761514572207,0.011307714375408855,50,0.5,1000.0,0.01,0.3
40,5.696969696969697,2.0,0.8094439162013378,0.080604000955446,0.011399127133272563,50,0.5,1000.0,0.01,0.3
40,5.757575757575758,2.0,0.8123600959642506,0.08030732392104145,0.01135717066470261,50,0.5,1000.0,0.01,0.3
40,5.818181818181818,2.0,0.8152364515750209,0.07890829465250822,0.011159318048130949,50,0.5,1000.0,0.01,0.3
40,5.878787878787879,2.0,0.8178958182675822,0.07779784954556838,0.011002277395080433,50,0.5,1000.0,0.01,0.3
40,5.9393939393939394,2.0,0.819935628166805,0.07828983860179599,0.011071855154666055,50,0.5,1000.0,0.01,0.3
40,6.0,2.0,0.821648031938357,0.07903180642778737,0.011176785250902205,50,0.5,1000.0,0.01,0.3
80,0.0,2.0,0.30335616826458023,0.04838601374452253,0.006842815686667475,50,0.5,1000.0,0.01,0.3
80,0.06060606060606061,2.0,0.30355251301064035,0.04855610685527283,0.006866870485076405,50,0.5,1000.0,0.01,0.3
80,0.12121212121212122,2.0,0.3035096880651398,0.04883095225469558,0.006905739494218356,50,0.5,1000.0,0.01,0.3
80,0.18181818181818182,2.0,0.3033944689567269,0.048930689035360186,0.006919844405006687,50,0.5,1000.0,0.01,0.3
80,0.24242424242424243,2.0,0.3036573388762921,0.049138504019513106,0.006949233881912028,50,0.5,1000.0,0.01,0.3
80,0.30303030303030304,2.0,0.3038603305391414,0.04953985359337351,0.007005993282972633,50,0.5,1000.0,0.01,0.3
80,0.36363636363636365,2.0,0.3042246862179186,0.049888137779253466,0.007055248104895783,50,0.5,1000.0,0.01,0.3
80,0.42424242424242425,2.0,0.30488442955554684,0.05035633648887575,0.007121461401399124,50,0.5,1000.0,0.01,0.3
80,0.48484848484848486,2.0,0.3058930626409568,0.05108878207925993,0.007225044850161292,50,0.5,1000.0,0.01,0.3
80,0.5454545454545454,2.0,0.30710496981156754,0.05207780825900742,0.007364914273855387,50,0.5,1000.0,0.01,0.3
80,0.6060606060606061,2.0,0.3090984224672548,0.05303481962217976,0.0075002561187697365,50,0.5,1000.0,0.01,0.3
80,0.6666666666666667,2.0,0.31145412955762264,0.05414473218523518,0.007657221458741862,50,0.5,1000.0,0.01,0.3
80,0.7272727272727273,2.0,0.3140885891048184,0.05568905674055652,0.007875621931825985,50,0.5,1000.0,0.01,0.3
80,0.7878787878787878,2.0,0.3174382720044674,0.05724267648248919,0.008095336942807162,50,0.5,1000.0,0.01,0.3
80,0.8484848484848485,2.0,0.32185973023305814,0.05937345435979789,0.008396674440056614,50,0.5,1000.0,0.01,0.3
80,0.9090909090909092,2.0,0.32833537331008095,0.06183813512808193,0.008745232936999357,50,0.5,1000.0,0.01,0.3
80,0.9696969696969697,2.0,0.33394674865356344,0.06303532617608348,0.008914541318682903,50,0.5,1000.0,0.01,0.3
80,1.0303030303030303,2.0,0.340411936135663,0.06426306658653752,0.009088170032636664,50,0.5,1000.0,0.01,0.3
80,1.0909090909090908,2.0,0.3468040270687387,0.06489267863983864,0.009177210623117864,50,0.5,1000.0,0.01,0.3
80,1.1515151515151516,2.0,0.35420219544243475,0.06444061094204397,0.009113278596184665,50,0.5,1000.0,0.01,0.3
80,1.2121212121212122,2.0,0.36305838228128207,0.0644883690602778,0.009120032614036634,50,0.5,1000.0,0.01,0.3
80,1.2727272727272727,2.0,0.3736766884442406,0.06580196748571368,0.00930580348491297,50,0.5,1000.0,0.01,0.3
80,1.3333333333333335,2.0,0.383183692730757,0.06613948624197043,0.00935353584517833,50,0.5,1000.0,0.01,0.3
80,1.393939393939394,2.0,0.3930726075237152,0.06639807506671823,0.009390105827481976,50,0.5,1000.0,0.01,0.3
80,1.4545454545454546,2.0,0.4035024793016657,0.06476994798291978,0.009159853887164504,50,0.5,1000.0,0.01,0.3
80,1.5151515151515151,2.0,0.41160249006079913,0.065363089494045,0.00924373676410848,50,0.5,1000.0,0.01,0.3
80,1.5757575757575757,2.0,0.42003246318717713,0.06572280550099385,0.009294608289671456,50,0.5,1000.0,0.01,0.3
80,1.6363636363636365,2.0,0.4302790477892511,0.0646912531775119,0.00914872476105489,50,0.5,1000.0,0.01,0.3
80,1.696969696969697,2.0,0.44141543700456837,0.06453084186247386,0.009126039175326402,50,0.5,1000.0,0.01,0.3
80,1.7575757575757576,2.0,0.45161224248487825,0.06526772448237514,0.00923025011482054,50,0.5,1000.0,0.01,0.3
80,1.8181818181818183,2.0,0.4631000404874198,0.06376497747344899,0.009017729594736646,50,0.5,1000.0,0.01,0.3
80,1.878787878787879,2.0,0.472001226607095,0.061919570715659455,0.008756749668240553,50,0.5,1000.0,0.01,0.3
80,1.9393939393939394,2.0,0.48160352927930355,0.062489246334403774,0.008837313966858704,50,0.5,1000.0,0.01,0.3
80,2.0,2.0,0.4913557662671526,0.06312682384707884,0.00892748104340762,50,0.5,1000.0,0.01,0.3
80,2.0606060606060606,2.0,0.5008155651091101,0.06327104880905023,0.008947877533132888,50,0.5,1000.0,0.01,0.3
80,2.121212121212121,2.0,0.5112578529751293,0.06316073388813556,0.008932276647403925,50,0.5,1000.0,0.01,0.3
80,2.1818181818181817,2.0,0.5215562554117469,0.06243889737109114,0.008830193548181887,50,0.5,1000.0,0.01,0.3
80,2.2424242424242427,2.0,0.5307643550587726,0.06350131082281425,0.008980441499409332,50,0.5,1000.0,0.01,0.3
80,2.303030303030303,2.0,0.5390968988734312,0.06395165509846523,0.009044129797645602,50,0.5,1000.0,0.01,0.3
80,2.3636363636363638,2.0,0.5474123273017198,0.06441194276543254,0.009109224303767425,50,0.5,1000.0,0.01,0.3
80,2.4242424242424243,2.0,0.5551288514779774,0.06471241408250251,0.009151717364937872,50,0.5,1000.0,0.01,0.3
80,2.484848484848485,2.0,0.5646266611873841,0.06607660100751424,0.009344642530034235,50,0.5,1000.0,0.01,0.3
80,2.5454545454545454,2.0,0.5740282434084234,0.06583245907619405,0.009310115646992537,50,0.5,1000.0,0.01,0.3
80,2.606060606060606,2.0,0.5812701452111056,0.06584651591164803,0.009312103583726845,50,0.5,1000.0,0.01,0.3
80,2.666666666666667,2.0,0.5904469011829204,0.0664410922006912,0.009396189368909878,50,0.5,1000.0,0.01,0.3
80,2.7272727272727275,2.0,0.5999108091233345,0.06603881983782749,0.009339299465776902,50,0.5,1000.0,0.01,0.3
80,2.787878787878788,2.0,0.6097502626224156,0.06752704424844955,0.009549766180312546,50,0.5,1000.0,0.01,0.3
80,2.8484848484848486,2.0,0.6177668969220439,0.06763271765454168,0.00956471065672031,50,0.5,1000.0,0.01,0.3
80,2.909090909090909,2.0,0.6265034313647369,0.06577549147362025,0.009302059211374962,50,0.5,1000.0,0.01,0.3
80,2.9696969696969697,2.0,0.6350395869886281,0.06652501718513734,0.009408058154032445,50,0.5,1000.0,0.01,0.3
80,3.0303030303030303,2.0,0.6423072740714535,0.06605877189797647,0.0093421211131829,50,0.5,1000.0,0.01,0.3
80,3.090909090909091,2.0,0.6512949735792133,0.06477439306726439,0.009160482517021108,50,0.5,1000.0,0.01,0.3
80,3.1515151515151514,2.0,0.659894236250055,0.06323499102164513,0.008942778191935145,50,0.5,1000.0,0.01,0.3
80,3.2121212121212124,2.0,0.6665751949525387,0.06426077623204167,0.009087846127597596,50,0.5,1000.0,0.01,0.3
80,3.272727272727273,2.0,0.6723230699630064,0.0647392164234951,0.00915550778835138,50,0.5,1000.0,0.01,0.3
80,3.3333333333333335,2.0,0.6805975632498777,0.06415525774071083,0.009072923559445474,50,0.5,1000.0,0.01,0.3
80,3.393939393939394,2.0,0.6867308029998734,0.0641003531147598,0.009065158872779778,50,0.5,1000.0,0.01,0.3
80,3.4545454545454546,2.0,0.6933041508814789,0.06497245447228814,0.009188492629537833,50,0.5,1000.0,0.01,0.3
80,3.515151515151515,2.0,0.7017311788226,0.06492997116677218,0.009182484582854323,50,0.5,1000.0,0.01,0.3
80,3.5757575757575757,2.0,0.7085676145322282,0.06314530570567917,0.008930094772916666,50,0.5,1000.0,0.01,0.3
80,3.6363636363636367,2.0,0.7155138114039589,0.061158030428725696,0.008649051608033032,50,0.5,1000.0,0.01,0.3
80,3.6969696969696972,2.0,0.7221927196002151,0.06022196294306623,0.008516671674681422,50,0.5,1000.0,0.01,0.3
80,3.757575757575758,2.0,0.7272781529243965,0.06106002807926335,0.008635191982857622,50,0.5,1000.0,0.01,0.3
80,3.8181818181818183,2.0,0.7347901708765826,0.061152534609396014,0.008648274381809791,50,0.5,1000.0,0.01,0.3
80,3.878787878787879,2.0,0.7401965674125381,0.060256984407777305,0.008521624457718278,50,0.5,1000.0,0.01,0.3
80,3.9393939393939394,2.0,0.7454906930600158,0.06082754117109629,0.008602313368997219,50,0.5,1000.0,0.01,0.3
80,4.0,2.0,0.7498464988806856,0.060989918281947525,0.008625276960235696,50,0.5,1000.0,0.01,0.3
80,4.0606060606060606,2.0,0.7552309683938091,0.0587772210920229,0.008312354322694072,50,0.5,1000.0,0.01,0.3
80,4.121212121212121,2.0,0.7609771043113815,0.05814592796818306,0.008223075992937354,50,0.5,1000.0,0.01,0.3
80,4.181818181818182,2.0,0.7659880931369968,0.057438401708523455,0.008123016669722783,50,0.5,1000.0,0.01,0.3
80,4.242424242424242,2.0,0.7701823826631714,0.057259180230813514,0.008097670925278187,50,0.5,1000.0,0.01,0.3
80,4.303030303030303,2.0,0.7761226000520722,0.055757058200674406,0.007885238790541975,50,0.5,1000.0,0.01,0.3
80,4.363636363636363,2.0,0.7812385560890023,0.05451252643310404,0.0077092354200917566,50,0.5,1000.0,0.01,0.3
80,4.424242424242425,2.0,0.7844708434561204,0.054772784493384574,0.007746041467948322,50,0.5,1000.0,0.01,0.3
80,4.484848484848485,2.0,0.7883701396419243,0.05381908115652502,0.007611167448601595,50,0.5,1000.0,0.01,0.3
80,4.545454545454546,2.0,0.7927184011655275,0.05396334749171244,0.007631569789383188,50,0.5,1000.0,0.01,0.3
80,4.606060606060606,2.0,0.7966892479465071,0.054139332755648834,0.007656457864086853,50,0.5,1000.0,0.01,0.3
80,4.666666666666667,2.0,0.8000593756673272,0.05279614652028542,0.007466502645002473,50,0.5,1000.0,0.01,0.3
80,4.7272727272727275,2.0,0.804626169391519,0.05194887383100653,0.0073466801921818195,50,0.5,1000.0,0.01,0.3
80,4.787878787878788,2.0,0.8082837942344564,0.05125697043268774,0.007248830275206373,50,0.5,1000.0,0.01,0.3
80,4.848484848484849,2.0,0.8114366515602381,0.05105187579079853,0.0072198255127933954,50,0.5,1000.0,0.01,0.3
80,4.909090909090909,2.0,0.814100597820647,0.0508682161927427,0.007193852123350341,50,0.5,1000.0,0.01,0.3
80,4.96969696969697,2.0,0.8173859406636745,0.050167909228301534,0.007094813762656638,50,0.5,1000.0,0.01,0.3
80,5.03030303030303,2.0,0.8205998555843247,0.04991697930142353,0.007059326912077022,50,0.5,1000.0,0.01,0.3
80,5.090909090909091,2.0,0.8229023330783316,0.05050538070086073,0.007142539435997362,50,0.5,1000.0,0.01,0.3
80,5.151515151515151,2.0,0.8268997890586721,0.04990160752958768,0.007057153015256225,50,0.5,1000.0,0.01,0.3
80,5.212121212121212,2.0,0.8303193429714852,0.04922204213572443,0.006961047955604143,50,0.5,1000.0,0.01,0.3
80,5.2727272727272725,2.0,0.8332014575505938,0.04912343988595525,0.006947103491713736,50,0.5,1000.0,0.01,0.3
80,5.333333333333334,2.0,0.8359507459107043,0.048390144827078374,0.00684339990996525,50,0.5,1000.0,0.01,0.3
80,5.3939393939393945,2.0,0.8390407119609073,0.04779311235533095,0.006758966768093016,50,0.5,1000.0,0.01,0.3
80,5.454545454545455,2.0,0.8418871553442462,0.047273753061057286,0.006685518272322383,50,0.5,1000.0,0.01,0.3
80,5.515151515151516,2.0,0.8447649993802961,0.04764090337578998,0.006737441167774836,50,0.5,1000.0,0.01,0.3
80,5.575757575757576,2.0,0.8467119355186076,0.04753915903323578,0.006723052344861347,50,0.5,1000.0,0.01,0.3
80,5.636363636363637,2.0,0.8486361391426968,0.048044848460664945,0.006794567629523248,50,0.5,1000.0,0.01,0.3
80,5.696969696969697,2.0,0.8507338652880507,0.04836725637247929,0.0068401629936736714,50,0.5,1000.0,0.01,0.3
80,5.757575757575758,2.0,0.8536632611253882,0.04673091857931683,0.00660874988370227,50,0.5,1000.0,0.01,0.3
80,5.818181818181818,2.0,0.8562137543927747,0.0455834964481486,0.006446479889735756,50,0.5,1000.0,0.01,0.3
80,5.878787878787879,2.0,0.8581182112472646,0.04538783144799563,0.006418808680045949,50,0.5,1000.0,0.01,0.3
80,5.9393939393939394,2.0,0.860098773908658,0.045913005344477814,0.006493079484746892,50,0.5,1000.0,0.01,0.3
80,6.0,2.0,0.8618968125261415,0.045923806044283644,0.006494606934361744,50,0.5,1000.0,0.01,0.3
120,0.0,2.0,0.2922631483699318,0.031067797643095738,0.004393650077992887,50,0.5,1000.0,0.01,0.3
120,0.06060606060606061,2.0,0.29222651215501466,0.030999005423401213,0.004383921388985112,50,0.5,1000.0,0.01,0.3
120,0.12121212121212122,2.0,0.29221742367109405,0.030915329106748785,0.004372087770799183,50,0.5,1000.0,0.01,0.3
120,0.18181818181818182,2.0,0.2922230121428744,0.030744502184583883,0.004347929195784778,50,0.5,1000.0,0.01,0.3
120,0.24242424242424243,2.0,0.2922961321894654,0.030802148772867553,0.004356081654482308,50,0.5,1000.0,0.01,0.3
120,0.30303030303030304,2.0,0.29248826640733605,0.03075530083155758,0.0043494563550853255,50,0.5,1000.0,0.01,0.3
120,0.36363636363636365,2.0,0.2928031276677369,0.030839119778179325,0.004361310144194956,50,0.5,1000.0,0.01,0.3
120,0.42424242424242425,2.0,0.2931630137320609,0.030983943439000076,0.004381791302723478,50,0.5,1000.0,0.01,0.3
120,0.48484848484848486,2.0,0.2937955328228531,0.030951406911355072,0.004377189942856669,50,0.5,1000.0,0.01,0.3
120,0.5454545454545454,2.0,0.29458978384298296,0.03144836166653606,0.004447469958322944,50,0.5,1000.0,0.01,0.3
120,0.6060606060606061,2.0,0.29596518171236535,0.03208793179580061,0.004537918833412409,50,0.5,1000.0,0.01,0.3
120,0.6666666666666667,2.0,0.2976157628015703,0.03248261783799344,0.004593735868787254,50,0.5,1000.0,0.01,0.3
120,0.7272727272727273,2.0,0.2994661919934975,0.03311010686222483,0.004682476217618084,50,0.5,1000.0,0.01,0.3
120,0.7878787878787878,2.0,0.3020381174402329,0.03382219354637598,0.004783180482249268,50,0.5,1000.0,0.01,0.3
120,0.8484848484848485,2.0,0.3050098984604343,0.03452457926661739,0.004882512823407527,50,0.5,1000.0,0.01,0.3
120,0.9090909090909092,2.0,0.30877264690757555,0.03504281016398545,0.004955801739757397,50,0.5,1000.0,0.01,0.3
120,0.9696969696969697,2.0,0.31282076368312517,0.03582042780205215,0.005065773480766842,50,0.5,1000.0,0.01,0.3
120,1.0303030303030303,2.0,0.3181974161925078,0.037079954258465324,0.005243897420449566,50,0.5,1000.0,0.01,0.3
120,1.0909090909090908,2.0,0.32554336526758776,0.03892726203947819,0.00550514619222814,50,0.5,1000.0,0.01,0.3
120,1.1515151515151516,2.0,0.3334889724814067,0.04093553950606813,0.0057891595152541175,50,0.5,1000.0,0.01,0.3
120,1.2121212121212122,2.0,0.3412927922886633,0.04385196539738915,0.006201604420170341,50,0.5,1000.0,0.01,0.3
120,1.2727272727272727,2.0,0.34965609192168917,0.04473850246658773,0.006326979694851053,50,0.5,1000.0,0.01,0.3
120,1.3333333333333335,2.0,0.35968665220850604,0.04677298269955965,0.00661469864863594,50,0.5,1000.0,0.01,0.3
120,1.393939393939394,2.0,0.36933425320512087,0.048175586691321805,0.006813056807414807,50,0.5,1000.0,0.01,0.3
120,1.4545454545454546,2.0,0.3787594304603885,0.049086575914018424,0.006941890138806136,50,0.5,1000.0,0.01,0.3
120,1.5151515151515151,2.0,0.3873417349452914,0.04950277944195619,0.007000750206197848,50,0.5,1000.0,0.01,0.3
120,1.5757575757575757,2.0,0.39588512452148533,0.05040734671466287,0.00712867533671191,50,0.5,1000.0,0.01,0.3
120,1.6363636363636365,2.0,0.40822006908097114,0.05050635919170538,0.007142677815499677,50,0.5,1000.0,0.01,0.3
120,1.696969696969697,2.0,0.4194619405486175,0.052796286978487046,0.007466522508791842,50,0.5,1000.0,0.01,0.3
120,1.7575757575757576,2.0,0.4297781569024032,0.054188502514119274,0.007663411518015604,50,0.5,1000.0,0.01,0.3
120,1.8181818181818183,2.0,0.4402320372324884,0.054395310076532824,0.0076926585239722595,50,0.5,1000.0,0.01,0.3
120,1.878787878787879,2.0,0.44916256340448757,0.054216370264787,0.007667352613110316,50,0.5,1000.0,0.01,0.3
120,1.9393939393939394,2.0,0.45940951766442284,0.05514716769674991,0.007798987248320716,50,0.5,1000.0,0.01,0.3
120,2.0,2.0,0.4676038216014908,0.056017491252553446,0.00792206958594773,50,0.5,1000.0,0.01,0.3
120,2.0606060606060606,2.0,0.47806521956980924,0.05651623800701961,0.007992603028383291,50,0.5,1000.0,0.01,0.3
120,2.121212121212121,2.0,0.48949779537608024,0.05678080193658386,0.00803001801811374,50,0.5,1000.0,0.01,0.3
120,2.1818181818181817,2.0,0.5002611714383227,0.057185141572694054,0.008087200277832943,50,0.5,1000.0,0.01,0.3
120,2.2424242424242427,2.0,0.5107641061027673,0.05788831018746606,0.00818664333699751,50,0.5,1000.0,0.01,0.3
120,2.303030303030303,2.0,0.5223468817316143,0.05878431586664056,0.0083133576753427,50,0.5,1000.0,0.01,0.3
120,2.3636363636363638,2.0,0.5329001725201593,0.05956683881761385,0.008424023132356163,50,0.5,1000.0,0.01,0.3
120,2.4242424242424243,2.0,0.5442577773385611,0.060156013644802574,0.008507345035478077,50,0.5,1000.0,0.01,0.3
120,2.484848484848485,2.0,0.5545927818843903,0.058714567007095854,0.008303493697029882,50,0.5,1000.0,0.01,0.3
120,2.5454545454545454,2.0,0.5638950118968191,0.05897544164535792,0.008340386942180821,50,0.5,1000.0,0.01,0.3
120,2.606060606060606,2.0,0.5745735053989003,0.057929835214651566,0.008192515862659875,50,0.5,1000.0,0.01,0.3
120,2.666666666666667,2.0,0.5840260324288397,0.058281669059132624,0.008242272682116573,50,0.5,1000.0,0.01,0.3
120,2.7272727272727275,2.0,0.5939990384607436,0.05768817389627973,0.008158339791265635,50,0.5,1000.0,0.01,0.3
120,2.787878787878788,2.0,0.6041568741532205,0.05812328625933118,0.008219873971763991,50,0.5,1000.0,0.01,0.3
120,2.8484848484848486,2.0,0.6131686760225609,0.0571258723158695,0.008078818339149637,50,0.5,1000.0,0.01,0.3
120,2.909090909090909,2.0,0.6214788969344576,0.058335761848302276,0.008249922557723605,50,0.5,1000.0,0.01,0.3
120,2.9696969696969697,2.0,0.6293808180571624,0.05930541766960179,0.008387052599055185,50,0.5,1000.0,0.01,0.3
120,3.0303030303030303,2.0,0.6373999803205623,0.05917686990521429,0.00836887319987423,50,0.5,1000.0,0.01,0.3
120,3.090909090909091,2.0,0.6459054588076295,0.060021513733926,0.008488323875668113,50,0.5,1000.0,0.01,0.3
120,3.1515151515151514,2.0,0.654069191713976,0.05811962308793076,0.008219355921096414,50,0.5,1000.0,0.01,0.3
120,3.2121212121212124,2.0,0.6618070776402757,0.05695495128525491,0.008054646455190642,50,0.5,1000.0,0.01,0.3
120,3.272727272727273,2.0,0.6704885552219486,0.05549565565932277,0.007848270888620145,50,0.5,1000.0,0.01,0.3
120,3.3333333333333335,2.0,0.6768927602939359,0.05596729754440446,0.00791497112366672,50,0.5,1000.0,0.01,0.3
120,3.393939393939394,2.0,0.6839143595650607,0.054954458554752936,0.0077717340601001755,50,0.5,1000.0,0.01,0.3
120,3.4545454545454546,2.0,0.6917714308143086,0.053923573585105786,0.007625944909568018,50,0.5,1000.0,0.01,0.3
120,3.515151515151515,2.0,0.6983907420774581,0.053059423904607286,0.007503735689759882,50,0.5,1000.0,0.01,0.3
120,3.5757575757575757,2.0,0.7067184087682705,0.053080542251335995,0.007506722274995746,50,0.5,1000.0,0.01,0.3
120,3.6363636363636367,2.0,0.7125724359037876,0.05216352692949348,0.007377036724490384,50,0.5,1000.0,0.01,0.3
120,3.6969696969696972,2.0,0.7185917448591289,0.05244197933826069,0.0074164158417857895,50,0.5,1000.0,0.01,0.3
120,3.757575757575758,2.0,0.7257972621603053,0.05271499114034605,0.0074550255411054926,50,0.5,1000.0,0.01,0.3
120,3.8181818181818183,2.0,0.7321706713234682,0.05208471108892999,0.007365890481424912,50,0.5,1000.0,0.01,0.3
120,3.878787878787879,2.0,0.7383802307935012,0.051820675942336795,0.007328550272899386,50,0.5,1000.0,0.01,0.3
120,3.9393939393939394,2.0,0.7428441596878639,0.05118853465054925,0.007239151994081186,50,0.5,1000.0,0.01,0.3
120,4.0,2.0,0.7474729024561106,0.05112807716714235,0.007230602014783088,50,0.5,1000.0,0.01,0.3
120,4.0606060606060606,2.0,0.7529877316236757,0.05049368189371134,0.007140884974823936,50,0.5,1000.0,0.01,0.3
120,4.121212121212121,2.0,0.7588217423918162,0.04889221624835088,0.006914403531289601,50,0.5,1000.0,0.01,0.3
120,4.181818181818182,2.0,0.7650896833247874,0.048859953909455814,0.006909840947567674,50,0.5,1000.0,0.01,0.3
120,4.242424242424242,2.0,0.7694823509703843,0.047560973987904404,0.0067261374453368395,50,0.5,1000.0,0.01,0.3
120,4.303030303030303,2.0,0.7737699856745202,0.046808947586097265,0.00661978485166701,50,0.5,1000.0,0.01,0.3
120,4.363636363636363,2.0,0.7783932975056886,0.04767405860529782,0.006742130025298193,50,0.5,1000.0,0.01,0.3
120,4.424242424242425,2.0,0.7829264945102239,0.04774758014183516,0.006752527540707955,50,0.5,1000.0,0.01,0.3
120,4.484848484848485,2.0,0.7874842728066078,0.04585435715297061,0.006484785377963077,50,0.5,1000.0,0.01,0.3
120,4.545454545454546,2.0,0.7925759943842305,0.04574138021654381,0.006468808026390063,50,0.5,1000.0,0.01,0.3
120,4.606060606060606,2.0,0.7961432224673632,0.04590798590499315,0.00649236962880742,50,0.5,1000.0,0.01,0.3
120,4.666666666666667,2.0,0.8006515217672533,0.04577496958658153,0.006473558280655955,50,0.5,1000.0,0.01,0.3
120,4.7272727272727275,2.0,0.8043016863388659,0.04532648686548616,0.006410133245989648,50,0.5,1000.0,0.01,0.3
120,4.787878787878788,2.0,0.8093292070732558,0.04418739446665262,0.006249041254066999,50,0.5,1000.0,0.01,0.3
120,4.848484848484849,2.0,0.8126818305175202,0.043018234139980925,0.006083697015010232,50,0.5,1000.0,0.01,0.3
120,4.909090909090909,2.0,0.8157136990756021,0.045001491449131174,0.0063641719534378175,50,0.5,1000.0,0.01,0.3
120,4.96969696969697,2.0,0.8197557383972699,0.04401634580090244,0.006224851319774026,50,0.5,1000.0,0.01,0.3
120,5.03030303030303,2.0,0.8230414285727402,0.044110873516614045,0.006238219557531976,50,0.5,1000.0,0.01,0.3
120,5.090909090909091,2.0,0.8271363098124772,0.04324041779025461,0.006115118528165692,50,0.5,1000.0,0.01,0.3
120,5.151515151515151,2.0,0.82950615655426,0.042887970561688214,0.006065274963099752,50,0.5,1000.0,0.01,0.3
120,5.212121212121212,2.0,0.8328149491060718,0.04233704538788305,0.0059873623778349495,50,0.5,1000.0,0.01,0.3
120,5.2727272727272725,2.0,0.8359647117444128,0.04209640265704603,0.005953330356471328,50,0.5,1000.0,0.01,0.3
120,5.333333333333334,2.0,0.8393598277626583,0.041822330369541375,0.0059145706818653585,50,0.5,1000.0,0.01,0.3
120,5.3939393939393945,2.0,0.8418217502899387,0.04171192154650718,0.005898956516371298,50,0.5,1000.0,0.01,0.3
120,5.454545454545455,2.0,0.8444769575186565,0.04164552701161354,0.005889566911199894,50,0.5,1000.0,0.01,0.3
120,5.515151515151516,2.0,0.8467991710329474,0.041312210987485436,0.00584242890701207,50,0.5,1000.0,0.01,0.3
120,5.575757575757576,2.0,0.8497817895548334,0.04105658524713669,0.005806277968122784,50,0.5,1000.0,0.01,0.3
120,5.636363636363637,2.0,0.8526947920597745,0.0409543221536813,0.005791815782753299,50,0.5,1000.0,0.01,0.3
120,5.696969696969697,2.0,0.8546405848554041,0.041112207388842,0.005814144126839572,50,0.5,1000.0,0.01,0.3
120,5.757575757575758,2.0,0.857052771860564,0.03962309090250935,0.005603551253747072,50,0.5,1000.0,0.01,0.3
120,5.818181818181818,2.0,0.8602811895958304,0.03879721080941379,0.0054867541708921025,50,0.5,1000.0,0.01,0.3
120,5.878787878787879,2.0,0.8630056262081763,0.03810558984309957,0.005388944195833787,50,0.5,1000.0,0.01,0.3
120,5.9393939393939394,2.0,0.864764364218935,0.03898830521377223,0.005513779000725834,50,0.5,1000.0,0.01,0.3
120,6.0,2.0,0.866494522393371,0.03928302004178875,0.005555457971407175,50,0.5,1000.0,0.01,0.3
200,0.0,2.0,0.30842421134993275,0.030328170575329383,0.004289051014959544,50,0.5,1000.0,0.01,0.3
200,0.06060606060606061,2.0,0.3084235913175447,0.030411678426281317,0.00430086080849763,50,0.5,1000.0,0.01,0.3
200,0.12121212121212122,2.0,0.3083574483767804,0.030440755766844574,0.00430497296543586,50,0.5,1000.0,0.01,0.3
200,0.18181818181818182,2.0,0.30838540911847145,0.030514869398744093,0.0043154542157747625,50,0.5,1000.0,0.01,0.3
200,0.24242424242424243,2.0,0.30839244671415095,0.030473061884181467,0.004309541740364405,50,0.5,1000.0,0.01,0.3
200,0.30303030303030304,2.0,0.3086400412014907,0.03075523380372163,0.00434944687591786,50,0.5,1000.0,0.01,0.3
200,0.36363636363636365,2.0,0.30896907925265993,0.030980397344687806,0.004381289809256492,50,0.5,1000.0,0.01,0.3
200,0.42424242424242425,2.0,0.30960397828394043,0.03128131039208166,0.004423845340528432,50,0.5,1000.0,0.01,0.3
200,0.48484848484848486,2.0,0.3104497545782475,0.03166341095196929,0.004477882519926776,50,0.5,1000.0,0.01,0.3
200,0.5454545454545454,2.0,0.3115407714416992,0.03209007246976344,0.004538221570427494,50,0.5,1000.0,0.01,0.3
200,0.6060606060606061,2.0,0.3131757304474687,0.03282073603401435,0.004641553002637044,50,0.5,1000.0,0.01,0.3
200,0.6666666666666667,2.0,0.3149351258087721,0.03350639268273817,0.004738519495812695,50,0.5,1000.0,0.01,0.3
200,0.7272727272727273,2.0,0.31740510958919954,0.03430348211476852,0.004851244964332853,50,0.5,1000.0,0.01,0.3
200,0.7878787878787878,2.0,0.32007886606765795,0.03512846555119116,0.00496791524078506,50,0.5,1000.0,0.01,0.3
200,0.8484848484848485,2.0,0.3239644013649973,0.03597718476352891,0.0050879422628585256,50,0.5,1000.0,0.01,0.3
200,0.9090909090909092,2.0,0.3278496130062857,0.03660670816699442,0.005176970316359745,50,0.5,1000.0,0.01,0.3
200,0.9696969696969697,2.0,0.3325971713199103,0.03695221516869612,0.005225832385129886,50,0.5,1000.0,0.01,0.3
200,1.0303030303030303,2.0,0.33826738461064465,0.037814294819679344,0.0053477488585565195,50,0.5,1000.0,0.01,0.3
200,1.0909090909090908,2.0,0.34464550827916285,0.03844888672829392,0.005437493706930016,50,0.5,1000.0,0.01,0.3
200,1.1515151515151516,2.0,0.35151371924193114,0.038742305517436446,0.005478989390036061,50,0.5,1000.0,0.01,0.3
200,1.2121212121212122,2.0,0.36043887570819616,0.03815448761124043,0.005395859384521244,50,0.5,1000.0,0.01,0.3
200,1.2727272727272727,2.0,0.3692677579033785,0.038104400164379826,0.005388775949855754,50,0.5,1000.0,0.01,0.3
200,1.3333333333333335,2.0,0.37829113942997084,0.038858188907090904,0.005495377776166371,50,0.5,1000.0,0.01,0.3
200,1.393939393939394,2.0,0.38814018987272797,0.040952041807748,0.0057914932931387225,50,0.5,1000.0,0.01,0.3
200,1.4545454545454546,2.0,0.39792496099846403,0.043260399484022466,0.006117944366398261,50,0.5,1000.0,0.01,0.3
200,1.5151515151515151,2.0,0.4078751974881781,0.0446048829382582,0.006308083039934901,50,0.5,1000.0,0.01,0.3
200,1.5757575757575757,2.0,0.41697197895309235,0.04529366949703647,0.006405492169235354,50,0.5,1000.0,0.01,0.3
200,1.6363636363636365,2.0,0.42701224677423477,0.04494815902311414,0.006356629609419062,50,0.5,1000.0,0.01,0.3
200,1.696969696969697,2.0,0.4372238276103106,0.04582888293621784,0.006481182779680818,50,0.5,1000.0,0.01,0.3
200,1.7575757575757576,2.0,0.4476347736684725,0.04612850025505135,0.006523555067262439,50,0.5,1000.0,0.01,0.3
200,1.8181818181818183,2.0,0.4575295358501473,0.0469973766641621,0.0066464327474414844,50,0.5,1000.0,0.01,0.3
200,1.878787878787879,2.0,0.4671349544642662,0.04895093580741015,0.00692270773096942,50,0.5,1000.0,0.01,0.3
200,1.9393939393939394,2.0,0.47784959073636807,0.049836351586227894,0.007047924431243739,50,0.5,1000.0,0.01,0.3
200,2.0,2.0,0.4883795949394773,0.04942013501520093,0.0069890625192806635,50,0.5,1000.0,0.01,0.3
200,2.0606060606060606,2.0,0.49951048660485114,0.05074732612449505,0.007176755685943137,50,0.5,1000.0,0.01,0.3
200,2.121212121212121,2.0,0.5100319812422233,0.051342069504672565,0.0072608651013810034,50,0.5,1000.0,0.01,0.3
200,2.1818181818181817,2.0,0.5207851656598117,0.05189999888969671,0.007339768231695766,50,0.5,1000.0,0.01,0.3
200,2.2424242424242427,2.0,0.5299619854169356,0.05170486506638201,0.007312172141754829,50,0.5,1000.0,0.01,0.3
200,2.303030303030303,2.0,0.5405857943940653,0.052503591651162924,0.007425129138637341,50,0.5,1000.0,0.01,0.3
200,2.3636363636363638,2.0,0.5501614140364718,0.05353858581855283,0.007571499417487326,50,0.5,1000.0,0.01,0.3
200,2.4242424242424243,2.0,0.5601000449116444,0.05232405513017556,0.007399738840345179,50,0.5,1000.0,0.01,0.3
200,2.484848484848485,2.0,0.5695284318270519,0.05203243084065414,0.007358496937809319,50,0.5,1000.0,0.01,0.3
200,2.5454545454545454,2.0,0.5792873572983969,0.0510154880264565,0.007214679505809702,50,0.5,1000.0,0.01,0.3
200,2.606060606060606,2.0,0.5888767084423382,0.04927904617282997,0.006969109543842611,50,0.5,1000.0,0.01,0.3
200,2.666666666666667,2.0,0.5982071724274349,0.049250402930374755,0.00696505877764756,50,0.5,1000.0,0.01,0.3
200,2.7272727272727275,2.0,0.6076939539224776,0.04943012587967172,0.0069904754408841065,50,0.5,1000.0,0.01,0.3
200,2.787878787878788,2.0,0.6152519271852612,0.047834361932729136,0.006764800339272884,50,0.5,1000.0,0.01,0.3
200,2.8484848484848486,2.0,0.6240759611649355,0.04752263527821886,0.006720715533016721,50,0.5,1000.0,0.01,0.3
200,2.909090909090909,2.0,0.6331060750349629,0.04628730067250527,0.006546012837669824,50,0.5,1000.0,0.01,0.3
200,2.9696969696969697,2.0,0.6413993132143717,0.04554778042709567,0.00644142888159905,50,0.5,1000.0,0.01,0.3
200,3.0303030303030303,2.0,0.6512041861331902,0.04474095593804162,0.0063273266681115525,50,0.5,1000.0,0.01,0.3
200,3.090909090909091,2.0,0.6591236399207544,0.04316877663111554,0.006104986938277833,50,0.5,1000.0,0.01,0.3
200,3.1515151515151514,2.0,0.666371800875732,0.04368848537361425,0.006178484853490387,50,0.5,1000.0,0.01,0.3
200,3.2121212121212124,2.0,0.6734855855542257,0.04291702933376597,0.006069384494057578,50,0.5,1000.0,0.01,0.3
200,3.272727272727273,2.0,0.680362652082528,0.04266199002297332,0.006033316488831454,50,0.5,1000.0,0.01,0.3
200,3.3333333333333335,2.0,0.6884932420666027,0.04279958134609157,0.006052774840353322,50,0.5,1000.0,0.01,0.3
200,3.393939393939394,2.0,0.6962929453475105,0.042255585634033734,0.005975842228966822,50,0.5,1000.0,0.01,0.3
200,3.4545454545454546,2.0,0.7030797973508612,0.04107031484294273,0.005808219626182264,50,0.5,1000.0,0.01,0.3
200,3.515151515151515,2.0,0.7094701146933946,0.03962292126407272,0.0056035272632492935,50,0.5,1000.0,0.01,0.3
200,3.5757575757575757,2.0,0.7162227150380537,0.03963005740790923,0.005604536466388957,50,0.5,1000.0,0.01,0.3
200,3.6363636363636367,2.0,0.72140561470633,0.040502255564884404,0.005727883912656068,50,0.5,1000.0,0.01,0.3
200,3.6969696969696972,2.0,0.7272251626004317,0.04061986005897966,0.005744515699710622,50,0.5,1000.0,0.01,0.3
200,3.757575757575758,2.0,0.7338843534455219,0.03887839185173252,0.005498234903997576,50,0.5,1000.0,0.01,0.3
200,3.8181818181818183,2.0,0.7393238100674607,0.039410505020210804,0.005573487069955507,50,0.5,1000.0,0.01,0.3
200,3.878787878787879,2.0,0.7453156922170705,0.03995862475162269,0.0056510029057522055,50,0.5,1000.0,0.01,0.3
200,3.9393939393939394,2.0,0.7512795606460999,0.038992211396227876,0.005514331418346422,50,0.5,1000.0,0.01,0.3
200,4.0,2.0,0.7564634662378863,0.03893758278592048,0.00550660576618739,50,0.5,1000.0,0.01,0.3
200,4.0606060606060606,2.0,0.7619940777166998,0.03811000013970645,0.005389567905961341,50,0.5,1000.0,0.01,0.3
200,4.121212121212121,2.0,0.7675359147340798,0.03858965264243331,0.005457401013419593,50,0.5,1000.0,0.01,0.3
200,4.181818181818182,2.0,0.7726629236436748,0.03881518172304918,0.005489295641871243,50,0.5,1000.0,0.01,0.3
200,4.242424242424242,2.0,0.7776933362722752,0.03889564312747523,0.005500674602809934,50,0.5,1000.0,0.01,0.3
200,4.303030303030303,2.0,0.7817244287409464,0.03899329979443127,0.005514485341096473,50,0.5,1000.0,0.01,0.3
200,4.363636363636363,2.0,0.7871913036989229,0.0380539615044596,0.005381642846163044,50,0.5,1000.0,0.01,0.3
200,4.424242424242425,2.0,0.7920521977679437,0.03723078572867443,0.005265228211529805,50,0.5,1000.0,0.01,0.3
200,4.484848484848485,2.0,0.796362069369829,0.03693577888809173,0.005223507944035316,50,0.5,1000.0,0.01,0.3
200,4.545454545454546,2.0,0.8005078726206272,0.03753250557120978,0.005307897840864862,50,0.5,1000.0,0.01,0.3
200,4.606060606060606,2.0,0.8042961188465787,0.0369278339209202,0.005222384356002657,50,0.5,1000.0,0.01,0.3
200,4.666666666666667,2.0,0.8085676451933052,0.036086763524756454,0.0051034390398861295,50,0.5,1000.0,0.01,0.3
200,4.7272727272727275,2.0,0.8124979943991399,0.03645109253685585,0.0051549629428938246,50,0.5,1000.0,0.01,0.3
200,4.787878787878788,2.0,0.815959580581958,0.03636253409487471,0.005142438887922589,50,0.5,1000.0,0.01,0.3
200,4.848484848484849,2.0,0.8198555100879926,0.03566453443450823,0.00504372682930038,50,0.5,1000.0,0.01,0.3
200,4.909090909090909,2.0,0.8239685687217039,0.03452723917821071,0.0048828889917125265,50,0.5,1000.0,0.01,0.3
200,4.96969696969697,2.0,0.8268623081288964,0.035051054676141016,0.004956967689847952,50,0.5,1000.0,0.01,0.3
200,5.03030303030303,2.0,0.8303046117017095,0.035262350401894654,0.004986849417951178,50,0.5,1000.0,0.01,0.3
200,5.090909090909091,2.0,0.8339637308513944,0.03364782736200276,0.004758521379973282,50,0.5,1000.0,0.01,0.3
200,5.151515151515151,2.0,0.8371168455814596,0.03283661520421218,0.004643798656422345,50,0.5,1000.0,0.01,0.3
200,5.212121212121212,2.0,0.8399805163772956,0.033437294417628036,0.004728747525447175,50,0.5,1000.0,0.01,0.3
200,5.2727272727272725,2.0,0.8424175880498332,0.03395868780555854,0.004802483685501472,50,0.5,1000.0,0.01,0.3
200,5.333333333333334,2.0,0.8456510314809623,0.032889357417872876,0.004651257531809198,50,0.5,1000.0,0.01,0.3
200,5.3939393939393945,2.0,0.8484327916893062,0.032251898479036804,0.0045611072241334046,50,0.5,1000.0,0.01,0.3
200,5.454545454545455,2.0,0.8514045780809453,0.0319645378858929,0.004520468299321836,50,0.5,1000.0,0.01,0.3
200,5.515151515151516,2.0,0.8538089611478736,0.03260569143185968,0.004611141103348817,50,0.5,1000.0,0.01,0.3
200,5.575757575757576,2.0,0.8564824273996088,0.0316698479021405,0.004478792842150021,50,0.5,1000.0,0.01,0.3
200,5.636363636363637,2.0,0.859150614935856,0.031192611671159946,0.004411301447119168,50,0.5,1000.0,0.01,0.3
200,5.696969696969697,2.0,0.8617494609790232,0.03128293396475831,0.0044240749483783134,50,0.5,1000.0,0.01,0.3
200,5.757575757575758,2.0,0.8638387820633069,0.03167681621858458,0.004479778310912233,50,0.5,1000.0,0.01,0.3
200,5.818181818181818,2.0,0.8660199333113819,0.03136932337255524,0.004436292255593494,50,0.5,1000.0,0.01,0.3
200,5.878787878787879,2.0,0.8683537120651071,0.030408089692327535,0.004300353284874711,50,0.5,1000.0,0.01,0.3
200,5.9393939393939394,2.0,0.8703502200849283,0.030534093646961722,0.0043181729350303425,50,0.5,1000.0,0.01,0.3
200,6.0,2.0,0.8730660671119351,0.030419412743181565,0.004301954606083232,50,0.5,1000.0,0.01,0.3
